paper_id,paper_title,doi,pmid,species,tissue,raw_label,raw_label_zh,marker_genes,n_cells,source_type,evidence,confidence,harvested_at
1931,A single-cell multi-omics atlas of rice,10.1038/s41586-025-09251-0,,rice,leaf,Mesophyll,叶肉,LOC_Os07g37030,,results_text,"Some cell types common to multiple organs, such as mesophyll (clusters 19 and 25; Fig. 1d), even partially overlapped.",high,2026-06-30T10:35:44
1931,A single-cell multi-omics atlas of rice,10.1038/s41586-025-09251-0,,rice,leaf,Vascular,维管组织,LOC_Os02g43770,,results_text,"We found high correlation in the mesophyll, vascular, guard cell and epidermis from leaf and flag leaf.",high,2026-06-30T10:35:44
1931,A single-cell multi-omics atlas of rice,10.1038/s41586-025-09251-0,,rice,leaf,Guard cell,保卫细胞,,,results_text,"We found high correlation in the mesophyll, vascular, guard cell and epidermis from leaf and flag leaf.",high,2026-06-30T10:35:44
1931,A single-cell multi-omics atlas of rice,10.1038/s41586-025-09251-0,,rice,leaf,Epidermis,表皮,"LOC_Os01g58890,LOC_Os05g02420",,results_text,"We found high correlation in the mesophyll, vascular, guard cell and epidermis from leaf and flag leaf.",high,2026-06-30T10:35:44
1931,A single-cell multi-omics atlas of rice,10.1038/s41586-025-09251-0,,rice,stem,Collenchyma,厚角组织,,,figure_legend,"d, UMAP visualization showing all clusters and corresponding cell-type annotations. The same colour was used for identical cell types of different organs.",high,2026-06-30T10:35:44
1931,A single-cell multi-omics atlas of rice,10.1038/s41586-025-09251-0,,rice,meristem,Bud axis,芽轴,,,figure_legend,"d, UMAP visualization showing all clusters and corresponding cell-type annotations. The same colour was used for identical cell types of different organs.",high,2026-06-30T10:35:44
1931,A single-cell multi-omics atlas of rice,10.1038/s41586-025-09251-0,,rice,meristem,Bud primordium,芽原基,LOC_Os05g02420,,figure_legend,"d, UMAP visualization showing all clusters and corresponding cell-type annotations. The same colour was used for identical cell types of different organs.",high,2026-06-30T10:35:44
1931,A single-cell multi-omics atlas of rice,10.1038/s41586-025-09251-0,,rice,stem,Parenchyma cell,薄壁细胞,LOC_Os03g52860,,figure_legend,"d, UMAP visualization showing all clusters and corresponding cell-type annotations. The same colour was used for identical cell types of different organs.",high,2026-06-30T10:35:44
1931,A single-cell multi-omics atlas of rice,10.1038/s41586-025-09251-0,,rice,meristem,Meristem,分生组织,,,figure_legend,"d, UMAP visualization showing all clusters and corresponding cell-type annotations. The same colour was used for identical cell types of different organs.",high,2026-06-30T10:35:44
1931,A single-cell multi-omics atlas of rice,10.1038/s41586-025-09251-0,,rice,meristem,Shoot apical meristem,茎尖分生组织,,,figure_legend,"d, UMAP visualization showing all clusters and corresponding cell-type annotations. The same colour was used for identical cell types of different organs.",high,2026-06-30T10:35:44
1931,A single-cell multi-omics atlas of rice,10.1038/s41586-025-09251-0,,rice,stem,Fibre,纤维,LOC_Os11g10320,,figure_legend,"d, UMAP visualization showing all clusters and corresponding cell-type annotations. The same colour was used for identical cell types of different organs.",high,2026-06-30T10:35:44
1931,A single-cell multi-omics atlas of rice,10.1038/s41586-025-09251-0,,rice,root,Cortex,皮层,,,figure_legend,"d, UMAP visualization showing all clusters and corresponding cell-type annotations. The same colour was used for identical cell types of different organs.",high,2026-06-30T10:35:44
1931,A single-cell multi-omics atlas of rice,10.1038/s41586-025-09251-0,,rice,stem,Sclerenchyma,厚壁组织,,,figure_legend,"d, UMAP visualization showing all clusters and corresponding cell-type annotations. The same colour was used for identical cell types of different organs.",high,2026-06-30T10:35:44
1931,A single-cell multi-omics atlas of rice,10.1038/s41586-025-09251-0,,rice,root,Exodermis,外皮层,,,figure_legend,"d, UMAP visualization showing all clusters and corresponding cell-type annotations. The same colour was used for identical cell types of different organs.",high,2026-06-30T10:35:44
1931,A single-cell multi-omics atlas of rice,10.1038/s41586-025-09251-0,,rice,root,Endodermis,内皮层,,,figure_legend,"d, UMAP visualization showing all clusters and corresponding cell-type annotations. The same colour was used for identical cell types of different organs.",high,2026-06-30T10:35:44
1931,A single-cell multi-omics atlas of rice,10.1038/s41586-025-09251-0,,rice,root,Epidermis near root hair,根毛附近表皮,,,figure_legend,"d, UMAP visualization showing all clusters and corresponding cell-type annotations. The same colour was used for identical cell types of different organs.",high,2026-06-30T10:35:44
1931,A single-cell multi-omics atlas of rice,10.1038/s41586-025-09251-0,,rice,root,Root cap,根冠,,,figure_legend,"d, UMAP visualization showing all clusters and corresponding cell-type annotations. The same colour was used for identical cell types of different organs.",high,2026-06-30T10:35:44
1931,A single-cell multi-omics atlas of rice,10.1038/s41586-025-09251-0,,rice,meristem,Proliferating cell,增殖细胞,,,figure_legend,"d, UMAP visualization showing all clusters and corresponding cell-type annotations. The same colour was used for identical cell types of different organs.",high,2026-06-30T10:35:44
1931,A single-cell multi-omics atlas of rice,10.1038/s41586-025-09251-0,,rice,flower,Filament,花丝,,,figure_legend,"d, UMAP visualization showing all clusters and corresponding cell-type annotations. The same colour was used for identical cell types of different organs.",high,2026-06-30T10:35:44
1931,A single-cell multi-omics atlas of rice,10.1038/s41586-025-09251-0,,rice,flower,Lodicule,浆片,,,figure_legend,"d, UMAP visualization showing all clusters and corresponding cell-type annotations. The same colour was used for identical cell types of different organs.",high,2026-06-30T10:35:44
1931,A single-cell multi-omics atlas of rice,10.1038/s41586-025-09251-0,,rice,flower,Ovary wall,子房壁,,,figure_legend,"d, UMAP visualization showing all clusters and corresponding cell-type annotations. The same colour was used for identical cell types of different organs.",high,2026-06-30T10:35:44
1931,A single-cell multi-omics atlas of rice,10.1038/s41586-025-09251-0,,rice,flower,Ovule,胚珠,,,figure_legend,"d, UMAP visualization showing all clusters and corresponding cell-type annotations. The same colour was used for identical cell types of different organs.",high,2026-06-30T10:35:44
1931,A single-cell multi-omics atlas of rice,10.1038/s41586-025-09251-0,,rice,flower,Pollen mother cell,花粉母细胞,LOC_Os11g34270,,figure_legend,"d, UMAP visualization showing all clusters and corresponding cell-type annotations. The same colour was used for identical cell types of different organs.",high,2026-06-30T10:35:44
1931,A single-cell multi-omics atlas of rice,10.1038/s41586-025-09251-0,,rice,flower,Stigma,柱头,,,figure_legend,"d, UMAP visualization showing all clusters and corresponding cell-type annotations. The same colour was used for identical cell types of different organs.",high,2026-06-30T10:35:44
1931,A single-cell multi-omics atlas of rice,10.1038/s41586-025-09251-0,,rice,flower,Tapetum,绒毡层,,,figure_legend,"d, UMAP visualization showing all clusters and corresponding cell-type annotations. The same colour was used for identical cell types of different organs.",high,2026-06-30T10:35:44
1931,A single-cell multi-omics atlas of rice,10.1038/s41586-025-09251-0,,rice,meristem,Procambium,原形成层,,,figure_legend,"d, UMAP visualization showing all clusters and corresponding cell-type annotations. The same colour was used for identical cell types of different organs.",high,2026-06-30T10:35:44
1931,A single-cell multi-omics atlas of rice,10.1038/s41586-025-09251-0,,rice,seed,Plumule,胚芽,,,figure_legend,"d, UMAP visualization showing all clusters and corresponding cell-type annotations. The same colour was used for identical cell types of different organs.",high,2026-06-30T10:35:44
1931,A single-cell multi-omics atlas of rice,10.1038/s41586-025-09251-0,,rice,seed,Scutellum,盾片,,,figure_legend,"d, UMAP visualization showing all clusters and corresponding cell-type annotations. The same colour was used for identical cell types of different organs.",high,2026-06-30T10:35:44
1931,A single-cell multi-omics atlas of rice,10.1038/s41586-025-09251-0,,rice,meristem,Leaf primordia apex,叶原基顶端,,,figure_legend,"d, UMAP visualization showing all clusters and corresponding cell-type annotations. The same colour was used for identical cell types of different organs.",high,2026-06-30T10:35:44
1898,A single-cell rice atlas integrates multi-species data to re,10.1038/s41477-025-02106-6,,rice,leaf,Epidermis,表皮,,,results_text,"Epidermal accessible chromatin regions in the leaf were less conserved compared to other cell types, indicating accelerated regulatory evolution in the L1-derived epidermal layer of O. sativa relative",high,2026-06-30T10:50:59
1898,A single-cell rice atlas integrates multi-species data to re,10.1038/s41477-025-02106-6,,rice,leaf,Bulliform cells,泡状细胞,,,results_text,"grass epidermal bulliform cells change their turgor pressure to roll the leaf to slow water loss under stressful conditions, with the TF, ZINC FINGER HOMEODOMAIN 1 (ZHD1), modulating leaf rolling by i",high,2026-06-30T10:50:59
1898,A single-cell rice atlas integrates multi-species data to re,10.1038/s41477-025-02106-6,,rice,seed,Endosperm,胚乳,,,figure_legend,"Analysis of cell-type-aggregate chromatin accessibility across 12 seed cell types and eight non-seed-related cell types, showing signatures of a QTN within an endosperm-specific ACR situated at the pr",high,2026-06-30T10:50:59
1898,A single-cell rice atlas integrates multi-species data to re,10.1038/s41477-025-02106-6,,rice,meristem,Procambial meristem,原形成层分生组织,,,figure_legend,"PM, procambial meristem; DX, developing xylem; Os, O. sativa.",high,2026-06-30T10:50:59
1898,A single-cell rice atlas integrates multi-species data to re,10.1038/s41477-025-02106-6,,rice,other,Developing xylem,发育中木质部,,,figure_legend,"PM, procambial meristem; DX, developing xylem; Os, O. sativa.",high,2026-06-30T10:50:59
1504,Stress drives plasticity in leaf ageing transcriptional dyna,10.1038/s41477-026-02254-3,,Arabidopsis,leaf,bundle sheath,维管束鞘,,,figure_legend,The bundle sheath cell type (cluster 2) was identified by overlapping the significant bundle sheath markers found in Kim et. al 44 with the cluster-specific marker genes from this study.,high,2026-06-30T10:52:06
1494,Functional characterization of transporter genes in rice nod,10.1186/s13059-026-04046-6,,rice,stem,parenchyma cells,薄壁细胞,"Os09g0333600,OsACR9,OsRL14,OsNPF2.2",,results_text,"RNA in situ hybridization of Os09g0333600, the top marker gene of Cluster 10, showed high expression in parenchyma cells (Fig. 1D).",high,2026-06-30T10:55:04
1494,Functional characterization of transporter genes in rice nod,10.1186/s13059-026-04046-6,,rice,stem,EVB xylem cells,大维管束木质部细胞,"OsZIP3,OsLsi6,OsOPT7,OsPHO1;2",,results_text,"Cluster 3 was characterized by EVB xylem enriched genes, OsZIP3, OsLsi6, OsOPT7, and OsPHO1;2[9-12].",high,2026-06-30T10:55:04
1494,Functional characterization of transporter genes in rice nod,10.1186/s13059-026-04046-6,,rice,stem,DVB/TVB xylem cells,扩散/过渡维管束木质部细胞,OsHMA5,,results_text,"OsHMA5, predominantly expressed in DVB xylem confirmed by immunostaining (Fig. 1D)[13], showed a similar expression profile to the top two markers of Cluster 2, suggesting that Cluster 2 represents DV",high,2026-06-30T10:55:04
1494,Functional characterization of transporter genes in rice nod,10.1186/s13059-026-04046-6,,rice,stem,phloem cells,韧皮部细胞,OsMTP7,,results_text,"OsMTP7 that is highly expressed in phloem cells in node, as well as in root stele cells and anther.",high,2026-06-30T10:55:04
20,Single-cell RNA-sequencing of soybean reveals transcriptiona,10.1111/pce.15164,,Arabidopsis,leaf,epidermal cells,表皮细胞,"AT2G38540/LIPID TRANSFER PROTEIN 1 (LP1), Glyma.18G210900, Glyma.01G132500, Glyma.17g166600, Glyma.13G346700",,results_text,"Taken together, clusters 0, 1, 3, 7, 8, 9 and 14 were assigned as epidermal cells (Figure 2).",high,2026-06-30T10:58:26
20,Single-cell RNA-sequencing of soybean reveals transcriptiona,10.1111/pce.15164,,Arabidopsis,leaf,mesophyll cells,叶肉细胞,"CHLOROPHYLL A/B BINDING PROTEIN 3 (CAB3), RUBISCO SMALL SUBUNIT 2B (RBCS2B), LIGHT-HARVESTING COMPLEX I CHLOROPHYLL A/B BINDING PROTEIN 2 (LHCA2), AT5G20630/GERMIN-LIKE PROTEIN SUBFAMILY 3 MEMBER 3 (GER3), AT2G06520/PHOTOSYSTEM II SUBUNIT X (PSBX), Glyma.15G057600, Glyma.15G176900",,results_text,"In summary, clusters 2, 4, 5, 6, 11, 13, 15 and 18 were designated as mesophyll cells (Figure 2).",high,2026-06-30T10:58:26
20,Single-cell RNA-sequencing of soybean reveals transcriptiona,10.1111/pce.15164,,Arabidopsis,leaf,vascular cells,维管细胞,"AT1G79430/ALTERED PHLOEM DEVELOPMENT (APL), AT3G03270/HYPOXIA RESPONSIVE UNIVERSAL STRESS PROTEIN 1 (HRU1), AT3G11930, AT5G19530/ACAULIS5 (ACL5), FT-INTERACTING PROTEIN 1 (FTIP1), SIEVE ELEMENT OCCLUSION-RELATED 1 (SERO1), CLAVATA3/ESR-RELATED 25 (CLE25), AT1G22710/SUCROSE TRANSPORTER 2 (SUC2), AT3G56240/COPPER CHAPERONE (CCH), Glyma.10G039800, Glyma.08G163500",,results_text,"Consequently, clusters 12, 16 and 17 were designated as vascular cells (Figure 2), although the discrimination between phloem and xylem cells could not be achieved in this study.",high,2026-06-30T10:58:26
20,Single-cell RNA-sequencing of soybean reveals transcriptiona,10.1111/pce.15164,,Arabidopsis,leaf,guard cell,保卫细胞,"AT2G46070/MAP KINASE 12 (MPK12), Glyma.07G066800",,results_text,"Glyma.07G066800, the homologue of the known guard cell marker gene AT2G46070/MAP KINASE 12 (MPK12) (Kim et al. 2021), was mostly expressed in clusters 0 and 3, and to a lesser extent, in clusters 1, 7",high,2026-06-30T10:58:26
20,Single-cell RNA-sequencing of soybean reveals transcriptiona,10.1111/pce.15164,,Arabidopsis,leaf,hydathodes cells,排水器细胞,"AT3G54420/EP3 CHITINASE (EP3), Glyma.11G124500, Glyma.13G346700",,results_text,"The homologues of AT3G54420/EP3 CHITINASE (EP3), which is specifically expressed in hydathodes cells (Bürkle et al. 2003; Kim et al. 2021), Glyma.11G124500 and Glyma.13G346700, were expressed in clust",high,2026-06-30T10:58:26
20,Single-cell RNA-sequencing of soybean reveals transcriptiona,10.1111/pce.15164,,Arabidopsis,leaf,phloem cell,韧皮部细胞,"AT1G79430/ALTERED PHLOEM DEVELOPMENT (APL), AT3G03270/HYPOXIA RESPONSIVE UNIVERSAL STRESS PROTEIN 1 (HRU1), AT3G11930, FT-INTERACTING PROTEIN 1 (FTIP1), SIEVE ELEMENT OCCLUSION-RELATED 1 (SERO1), CLAVATA3/ESR-RELATED 25 (CLE25), AT1G22710/SUCROSE TRANSPORTER 2 (SUC2)",,results_text,"Moreover, three phloem cell marker genes, including FT-INTERACTING PROTEIN 1 (FTIP1; Glyma.09G003400), SIEVE ELEMENT OCCLUSION-RELATED 1 (SERO1; Glyma.08G130500) and CLAVATA3/ESR-RELATED 25 (CLE25; Gl",high,2026-06-30T10:58:26
20,Single-cell RNA-sequencing of soybean reveals transcriptiona,10.1111/pce.15164,,Arabidopsis,leaf,xylem cell,木质部细胞,"AT5G19530/ACAULIS5 (ACL5), Glyma.08G288100",,results_text,"...and one gene, Glyma.08G288100, which was the homologue of xylem cell marker AT5G19530/ACAULIS5 (ACL5) (Kim et al. 2021), were detected to be specifically expressed.",high,2026-06-30T10:58:26
20,Single-cell RNA-sequencing of soybean reveals transcriptiona,10.1111/pce.15164,,Arabidopsis,leaf,sieve elements,筛管分子,"AT3G56240/COPPER CHAPERONE (CCH), Glyma.02G160500",,results_text,"Furthermore, AT3G56240/COPPER CHAPERONE (CCH), known to accumulate in sieve elements (Mira, Martínez-García, and Peñarrubia 2001; Xu et al. 2017), had its soybean homologue Glyma.02G160500 specificall",high,2026-06-30T10:58:26
106,A rare PRIMER cell state in plant immunity,10.1038/s41586-024-08383-z,,Arabidopsis,leaf,Epidermis,表皮,FDH,,results_text,"A cluster-specific ACR of clusters 0, 12, 19, 21 and 29 was associated with FDH, a marker gene for the epidermis.",high,2026-06-30T11:02:49
106,A rare PRIMER cell state in plant immunity,10.1038/s41586-024-08383-z,,Arabidopsis,leaf,Mesophyll,叶肉,,,results_text,"GO enrichment analysis identified mesophyll (clusters 3, 7 and 11) and epidermis (cluster 12) cell populations enriched with defence-related genes.",high,2026-06-30T11:02:49
106,A rare PRIMER cell state in plant immunity,10.1038/s41586-024-08383-z,,Arabidopsis,leaf,Vasculature,维管组织,,,results_text,A de novo MERFISH cluster captured vasculature cells in tissue sections.,high,2026-06-30T11:02:49
106,A rare PRIMER cell state in plant immunity,10.1038/s41586-024-08383-z,,Arabidopsis,leaf,PCCs,,"ICS1,SARD1,PAD4,ALD1,FMO1,ILL6",,figure_legend,"e, Subclustering of major cluster 6 (PCCs). Defence-related genes showing subcluster-specific expression are shown.",high,2026-06-30T11:02:49
106,A rare PRIMER cell state in plant immunity,10.1038/s41586-024-08383-z,,Arabidopsis,leaf,immune-active mesophyll cells,免疫活跃叶肉细胞,,,figure_legend,"f, Schematic of subclustering of clusters 3, 7 and 11 (immune-active mesophyll cells).",high,2026-06-30T11:02:49
147,Advancing root developmental research through single-cell te,10.1016/j.pbi.2021.102113,,Arabidopsis,root,protophloem cells,原生韧皮部细胞,,,results_text,trajectory analysis of protophloem cells revealed a differentiation gradient that mediates cellular specification [17],high,2026-06-30T11:03:12
147,Advancing root developmental research through single-cell te,10.1016/j.pbi.2021.102113,,Arabidopsis,root,sieve element,筛管分子,,,results_text,profiling the sieve element lineage from cell birth to terminal differentiation [17],high,2026-06-30T11:03:12
174,A single-cell RNA sequencing profiles the developmental land,10.1016/j.molp.2019.04.004,,Arabidopsis,root,endodermis,内皮层,,,results_text,"All of these hormones showed a similar pattern, with highest response in cluster 4 (CRC) and cluster 13 (endodermis) (Figure 4C–4F).",high,2026-06-30T11:31:17
174,A single-cell RNA sequencing profiles the developmental land,10.1016/j.molp.2019.04.004,,Arabidopsis,root,WOX5+ (WOX5-positive) cells,WOX5阳性细胞,WOX5,,results_text,The rare cell types such as the endodermal cells with casparian strip and WOX5+ (WOX5-positive) cells could not be efficiently captured.,high,2026-06-30T11:31:17
174,A single-cell RNA sequencing profiles the developmental land,10.1016/j.molp.2019.04.004,,Arabidopsis,root,QC cells,静止中心细胞,,,results_text,"Due to the low number of QC cells in roots, we were unable to faithfully identify a corresponding cell cluster in our scRNA-seq dataset.",high,2026-06-30T11:31:17
174,A single-cell RNA sequencing profiles the developmental land,10.1016/j.molp.2019.04.004,,Arabidopsis,root,phloem/pericycle,韧皮部/中柱鞘,,,results_text,"Because both clusters 1 and 7 were assigned as phloem/pericycle, these results imply that the subcell types of phloem/pericycle are functionally specified.",high,2026-06-30T11:31:17
174,A single-cell RNA sequencing profiles the developmental land,10.1016/j.molp.2019.04.004,,Arabidopsis,root,CRC,根冠柱细胞,"AUR3,MP/ARF5",,results_text,The auxin-related genes including AUXIN UPREGULATED 3 (AUR3) and MONOPTEROS (MP/ARF5) were enriched in the CRC branch,high,2026-06-30T11:31:17
174,A single-cell RNA sequencing profiles the developmental land,10.1016/j.molp.2019.04.004,,Arabidopsis,root,root hair,根毛,,,results_text,"Intriguingly, the genes related to iron (Fe) and calcium (Ca) transport were predominantly expressed in clusters 8 and 17 (root hair, Figure 4H and 4I).",high,2026-06-30T11:31:17
174,A single-cell RNA sequencing profiles the developmental land,10.1016/j.molp.2019.04.004,,Arabidopsis,root,LRC,侧根冠,"ARR5,ARR6,ARR8,ARR10,AHP3",,results_text,"The cytokinin pathway genes such as ARR5, ARR6, ARR8, ARR10, and AHP3 were highly expressed in the LRC branch",high,2026-06-30T11:31:17
174,A single-cell RNA sequencing profiles the developmental land,10.1016/j.molp.2019.04.004,,Arabidopsis,root,epidermal (Epi),表皮,,,results_text,The LRC is derived from the epidermal (Epi) lineage by periclinal divisions of epidermal/lateral root cap initials.,high,2026-06-30T11:31:17
174,A single-cell RNA sequencing profiles the developmental land,10.1016/j.molp.2019.04.004,,Arabidopsis,root,epidermal/lateral root cap initials,表皮/侧根冠起始细胞,,,results_text,The LRC is derived from the epidermal (Epi) lineage by periclinal divisions of epidermal/lateral root cap initials.,high,2026-06-30T11:31:17
174,A single-cell RNA sequencing profiles the developmental land,10.1016/j.molp.2019.04.004,,Arabidopsis,root,stem cells for the epidermis and lateral root cap,表皮和侧根冠干细胞,,,figure_legend,Gray areas mark the stem cells for the epidermis and lateral root cap.,high,2026-06-30T11:31:17
213,Single-cell proteomics differentiates arabidopsis root cell ,10.1111/nph.19923,,Arabidopsis,root,endodermis,内皮层,"CASPARIAN STRIP MEMBRANE DOMAIN PROTEIN 1,NAKED PINS IN YUCCA 2,RESPIRATORY BURST OXIDASE HOMOLOGUE D",,results_text,"We choose to focus on two cell types, the cortex and endodermis, which are derived from a common stem cell lineage",high,2026-06-30T11:48:37
213,Single-cell proteomics differentiates arabidopsis root cell ,10.1111/nph.19923,,Arabidopsis,root,cortex,皮层,"AUXIN RESPONSE FACTOR 5,P23-1,proteasome 19S regulatory particle 8a",,results_text,"We choose to focus on two cell types, the cortex and endodermis, which are derived from a common stem cell lineage",high,2026-06-30T11:48:37
233,A single-cell rice atlas integrates multi-species data to re,10.1038/s41477-025-02106-6,,rice,leaf,Epidermal cells,表皮细胞,,,results_text,"In plants, environmental sensing and adaptation relies heavily upon epidermal cells.",high,2026-06-30T11:50:38
233,A single-cell rice atlas integrates multi-species data to re,10.1038/s41477-025-02106-6,,rice,leaf,Bulliform cells,泡状细胞,ZHD1,,results_text,"For example, grass epidermal bulliform cells change their turgor pressure to roll the leaf to slow water loss under stressful conditions, with the TF, ZINC FINGER HOMEODOMAIN 1 (ZHD1), modulating leaf",high,2026-06-30T11:50:38
233,A single-cell rice atlas integrates multi-species data to re,10.1038/s41477-025-02106-6,,rice,leaf,Epidermal layer,表皮层,,,results_text,"Epidermal accessible chromatin regions in the leaf were less conserved compared to other cell types, indicating accelerated regulatory evolution in the L1-derived epidermal layer of O. sativa relative",high,2026-06-30T11:50:38
233,A single-cell rice atlas integrates multi-species data to re,10.1038/s41477-025-02106-6,,rice,seed,Endosperm,胚乳,OsGluA2,,figure_legend,"Analysis of cell-type-aggregate chromatin accessibility across 12 seed cell types and eight non-seed-related cell types, showing signatures of a QTN within an endosperm-specific ACR situated at the pr",high,2026-06-30T11:50:38
233,A single-cell rice atlas integrates multi-species data to re,10.1038/s41477-025-02106-6,,rice,meristem,Procambial meristem,原形成层分生组织,,,figure_legend,"UMAP visualizations depict the cell progression of RDX in O. sativa. PM, procambial meristem; DX, developing xylem; Os, O. sativa.",high,2026-06-30T11:50:38
233,A single-cell rice atlas integrates multi-species data to re,10.1038/s41477-025-02106-6,,rice,other,Developing xylem,发育中木质部,,,figure_legend,"UMAP visualizations depict the cell progression of RDX in O. sativa. PM, procambial meristem; DX, developing xylem; Os, O. sativa.",high,2026-06-30T11:50:38
10,Single-nucleus RNA and ATAC sequencing reveals the impact of,10.1016/j.molp.2021.01.001,,Arabidopsis,root,stele cells,中柱细胞,,,results_text,stele cells (clusters 17–21) (Figure 2A).,high,2026-06-30T11:51:57
10,Single-nucleus RNA and ATAC sequencing reveals the impact of,10.1016/j.molp.2021.01.001,,Arabidopsis,root,phloem,韧皮部,,,results_text,we were able to assign the phloem and xylem clusters (Figure 2A).,high,2026-06-30T11:51:57
10,Single-nucleus RNA and ATAC sequencing reveals the impact of,10.1016/j.molp.2021.01.001,,Arabidopsis,root,xylem,木质部,"BFN1, RNS3, SCPL48, DMP4, PASPA3",,results_text,we were able to assign the phloem and xylem clusters (Figure 2A).,high,2026-06-30T11:51:57
10,Single-nucleus RNA and ATAC sequencing reveals the impact of,10.1016/j.molp.2021.01.001,,Arabidopsis,root,meristematic cells,分生组织细胞,,,results_text,"the meristematic cells of the roots (i.e., clusters 8–10) are localized in the center of the UMAP map (Figure 2A).",high,2026-06-30T11:51:57
10,Single-nucleus RNA and ATAC sequencing reveals the impact of,10.1016/j.molp.2021.01.001,,Arabidopsis,root,endodermis cells,内皮层细胞,"AT1G61590, AT2G40160, AT2G48130, AT4G17215, AT1G68850, AT2G35380, AT2G23540, AT5G37690, AT2G47270, AT4G24140, AT3G11430, AT1G49430, AT2G38110, AT1G01610, AT4G00400, AT1G74460",,results_text,the cells composing cluster 14a are differentiated endodermis cells characterized by the suberization of their cell wall.,high,2026-06-30T11:51:57
10,Single-nucleus RNA and ATAC sequencing reveals the impact of,10.1016/j.molp.2021.01.001,,Arabidopsis,root,cortical cells,皮层细胞,"AT5G18840, AT3G21670, AT1G11130, AT1G45201, AT5G63560",,results_text,cortical cells composing cluster 14b are hypothesized to play a role in the differentiation and patterning of the Arabidopsis epidermal root cells,high,2026-06-30T11:51:57
10,Single-nucleus RNA and ATAC sequencing reveals the impact of,10.1016/j.molp.2021.01.001,,Arabidopsis,root,root cap cells,根冠细胞,"CEP1, EXI1, KIRA1, BFN1, RNS3, SCPL48, DMP4, PASPA3",,results_text,the assignment of the cells composing cluster 4 as root cap cells.,high,2026-06-30T11:51:57
271,Single-cell resolution of lineage trajectories in the arabid,10.1016/j.devcel.2021.03.014,,Arabidopsis,leaf,mature phloem,成熟韧皮部,"CYCD3;3,CYCD2;1",,results_text,CYCD3;3 and CYCD2;1 were selectively expressed in distinct mature phloem clusters and CYCD6;1 was expressed in the procambium/xylem.,high,2026-06-30T11:53:30
271,Single-cell resolution of lineage trajectories in the arabid,10.1016/j.devcel.2021.03.014,,Arabidopsis,leaf,procambium/xylem,原形成层/木质部,CYCD6;1,,results_text,CYCD3;3 and CYCD2;1 were selectively expressed in distinct mature phloem clusters and CYCD6;1 was expressed in the procambium/xylem.,high,2026-06-30T11:53:30
271,Single-cell resolution of lineage trajectories in the arabid,10.1016/j.devcel.2021.03.014,,Arabidopsis,leaf,meristemoids,分生组织细胞,"SPCH,INDUCER OF CBF EXPRESSION 1/SCREAM",,results_text,"Clusters m1–m3, therefore, likely represent subpopulations of asymmetrically dividing precursor cells (meristemoids and SLGCs).",high,2026-06-30T11:53:30
271,Single-cell resolution of lineage trajectories in the arabid,10.1016/j.devcel.2021.03.014,,Arabidopsis,leaf,stomatal lineage ground cells (SLGCs),气孔谱系基础细胞,,,results_text,"Clusters m1–m3, therefore, likely represent subpopulations of asymmetrically dividing precursor cells (meristemoids and SLGCs).",high,2026-06-30T11:53:30
271,Single-cell resolution of lineage trajectories in the arabid,10.1016/j.devcel.2021.03.014,,Arabidopsis,leaf,guard mother cells (GMCs),保卫母细胞,MUTE,,results_text,"meristemoids differentiate into guard mother cells (GMCs), which divide symmetrically to yield a pair of stomatal guard cells",high,2026-06-30T11:53:30
271,Single-cell resolution of lineage trajectories in the arabid,10.1016/j.devcel.2021.03.014,,Arabidopsis,leaf,guard cells,保卫细胞,FAMA,,results_text,younger epidermal cells were separated from differentiated guard cells.,high,2026-06-30T11:53:30
271,Single-cell resolution of lineage trajectories in the arabid,10.1016/j.devcel.2021.03.014,,Arabidopsis,leaf,pavement cells,铺板细胞,"MYB7,MYB4,MACCHI-BOU4,CASPARIAN STRIP MEMBRANE DOMAIN proteins",,results_text,SLGCs eventually endoreduplicate and differentiate into pavement cells.,high,2026-06-30T11:53:30
271,Single-cell resolution of lineage trajectories in the arabid,10.1016/j.devcel.2021.03.014,,Arabidopsis,leaf,mesophyll cells,叶肉细胞,RBCS1B,,figure_legend,Two insets depicting RBCS1B expression distinguish 'low' versus 'high' gene expression within mesophyll cells,high,2026-06-30T11:53:30
271,Single-cell resolution of lineage trajectories in the arabid,10.1016/j.devcel.2021.03.014,,Arabidopsis,leaf,young epidermal cells,幼嫩表皮细胞,,,results_text,younger epidermal cells were separated from differentiated guard cells.,high,2026-06-30T11:53:30
28,Distinct identities of leaf phloem cells revealed by single ,10.1093/plcell/koaa060,,Arabidopsis,leaf,Phloem parenchyma,韧皮部薄壁细胞,"SWEET11,SWEET12,SWEET13,UmamiT11,UmamiT12,UmamiT17,UmamiT18,UmamiT20,UmamiT21,UmamiT28,UmamiT30,PDLP6,PDLP7",,results_text,"Using scRNA-seq, we identified unique and characteristic mRNA signatures, which revealed fundamental differences in amino acid metabolism and transport pathways in PP and CC important for phloem trans",high,2026-06-30T11:57:36
28,Distinct identities of leaf phloem cells revealed by single ,10.1093/plcell/koaa060,,Arabidopsis,leaf,Companion cell,伴胞,"SUC2,FTIP1,SUT1,AAP2,AAP4,AAP5,PDLP8",,results_text,"Using scRNA-seq, we identified unique and characteristic mRNA signatures, which revealed fundamental differences in amino acid metabolism and transport pathways in PP and CC important for phloem trans",high,2026-06-30T11:57:36
28,Distinct identities of leaf phloem cells revealed by single ,10.1093/plcell/koaa060,,Arabidopsis,leaf,Mesophyll,叶肉细胞,"CAB3,LHCB2.1,CA1",,results_text,"The population was dominated by mesophyll cells (75% of all cells), as indicated by the enrichment of known mesophyll markers (CAB3, LHCB2.1, and CA1; Sawchuk et al., 2008; Endo et al., 2014; Figure 3",high,2026-06-30T11:57:36
28,Distinct identities of leaf phloem cells revealed by single ,10.1093/plcell/koaa060,,Arabidopsis,leaf,Spongy parenchyma,海绵薄壁组织,"FIL,YAB1",,results_text,"FIL (YAB1) transcripts, markers for spongy parenchyma were enriched in C2 and C7, possibly indicating that these clusters may represent spongy parenchyma (Supplemental Figure S3A; Uemoto et al., 2018)",high,2026-06-30T11:57:36
28,Distinct identities of leaf phloem cells revealed by single ,10.1093/plcell/koaa060,,Arabidopsis,leaf,Epidermis,表皮细胞,"AtML1,CUT1,CER5",,results_text,"Beyond the mesophyll, epidermal cells were identified in C13, based on enrichment of the epidermis-specific transcription factor AtML1 (Takada et al., 2013) and wax-related genes (Figure 3).",high,2026-06-30T11:57:36
28,Distinct identities of leaf phloem cells revealed by single ,10.1093/plcell/koaa060,,Arabidopsis,leaf,Guard cell,保卫细胞,"FAMA,MPK12",,results_text,"Epidermal guard cells were found in C16, indicated by the specific enrichment of FAMA and guard cell-specific MAP kinases (Figure 3; Supplemental Figure 3A).",high,2026-06-30T11:57:36
28,Distinct identities of leaf phloem cells revealed by single ,10.1093/plcell/koaa060,,Arabidopsis,leaf,Hydathodes cells,排水器细胞,"PUP1,EP3",,results_text,"Enrichment of transcripts of the purine transporter PUP1 and the homolog of carrot chitinase, EP3, indicated that C17 comprises hydathodes cells (Supplemental Figure 3A; Burkle et al., 2003).",high,2026-06-30T11:57:36
28,Distinct identities of leaf phloem cells revealed by single ,10.1093/plcell/koaa060,,Arabidopsis,leaf,Procambium,原形成层,Q0990,,results_text,"...fluorescently labeled cells using stably transformed Arabidopsis lines expressing pAtSWEET11:AtSWEET11-GFP, a tentative marker for PP (Chen et al., 2012), and Q0990, a procambial (PC) marker (Radoe",high,2026-06-30T11:57:36
28,Distinct identities of leaf phloem cells revealed by single ,10.1093/plcell/koaa060,,Arabidopsis,leaf,Protophloem,原韧皮部,"CVP2,CVL1,BAM3,CLE45,BRX,OCTOPUS,APL,CLE41,DOF5.1,LBD3",,results_text,"Conversely, the PCPP cluster closest to the PCXP was enriched with factors involved in the maintenance of protophloem identity and pluripotency in roots and stem, such as COTYLEDON VASCULAR PATTERN 2 ",high,2026-06-30T11:57:36
28,Distinct identities of leaf phloem cells revealed by single ,10.1093/plcell/koaa060,,Arabidopsis,leaf,Xylem,木质部,"REV,IFL1,PHB,CNA,AtHB15",,results_text,"transcripts, known to trigger xylem differentiation (Figure 4B). Adaxial HD-ZIP transcription factors, such as REVOLUTA/INTERFASCICULAR FIBERLESS1 (REV/IFL1), PHABULOSA (PHB), and CORONA (CNA/AtHB15),",mid,2026-06-30T11:57:36
28,Distinct identities of leaf phloem cells revealed by single ,10.1093/plcell/koaa060,,Arabidopsis,leaf,Bundle sheath,维管束鞘,,,figure_legend,Sucrose produced during photosynthesis in the mesophyll cells is transported across the bundle sheath to the PP.,mid,2026-06-30T11:57:36
3,Single-nucleus sequencing deciphers developmental trajectori,10.1016/j.devcel.2023.03.004,,rice,flower,stamen residue,雄蕊残迹,"SPW1, OsFPPS3, OsCP1",,results_text,"Therefore, we annotated clusters 11 and 5 as stamen residue and stigma, respectively (Figure 1C).",high,2026-06-30T11:59:19
3,Single-nucleus sequencing deciphers developmental trajectori,10.1016/j.devcel.2023.03.004,,rice,flower,stigma,柱头,"OsWDA1, OsMTP11",,results_text,"Therefore, we annotated clusters 11 and 5 as stamen residue and stigma, respectively (Figure 1C).",high,2026-06-30T11:59:19
3,Single-nucleus sequencing deciphers developmental trajectori,10.1016/j.devcel.2023.03.004,,rice,flower,ovary wall,子房壁,"Os10g0562100/OsMYBS2, Os12g0566000/OsBOR1",,results_text,The cluster 7 markers (Os10g0562100/OsMYBS2 and Os12g0566000/OsBOR1) were expressed in the ovary wall,high,2026-06-30T11:59:19
3,Single-nucleus sequencing deciphers developmental trajectori,10.1016/j.devcel.2023.03.004,,rice,flower,outer surface of the ovary wall,子房壁外表面,"Os11g0168500/OsERF118, Os03g0773300, Os02g0730000/OsALDH2a, Os06g0643500/OsHyPRP18",,results_text,"the markers of clusters 1 and 2 (Os11g0168500/OsERF118, Os03g0773300, Os02g0730000/OsALDH2a, and Os06g0643500/OsHyPRP18) were expressed at the outer surface of the ovary wall.",high,2026-06-30T11:59:19
3,Single-nucleus sequencing deciphers developmental trajectori,10.1016/j.devcel.2023.03.004,,rice,flower,style,花柱,Os08g0485400,,results_text,We also detected the cluster 4 marker (Os08g0485400) in the style,high,2026-06-30T11:59:19
3,Single-nucleus sequencing deciphers developmental trajectori,10.1016/j.devcel.2023.03.004,,rice,flower,basal style,基部花柱,"Os05g0380900/OsCML15, Os09g0517000",,results_text,the cluster 6 markers (Os05g0380900/OsCML15 and Os09g0517000) at either side of the basal style atop the ovary.,high,2026-06-30T11:59:19
3,Single-nucleus sequencing deciphers developmental trajectori,10.1016/j.devcel.2023.03.004,,rice,flower,inner surface of the ovary wall,子房壁内表面,Os01g0728100/OsGELP24,,results_text,The cluster 9 marker (Os01g0728100/OsGELP24) was detected at both the inner surface of the ovary wall and the outer integument of the ovule.,high,2026-06-30T11:59:19
3,Single-nucleus sequencing deciphers developmental trajectori,10.1016/j.devcel.2023.03.004,,rice,flower,outer integument,外珠被,Os01g0728100/OsGELP24,,results_text,The cluster 9 marker (Os01g0728100/OsGELP24) was detected at both the inner surface of the ovary wall and the outer integument of the ovule.,high,2026-06-30T11:59:19
3,Single-nucleus sequencing deciphers developmental trajectori,10.1016/j.devcel.2023.03.004,,rice,flower,ovule,胚珠,"Os12g0207000/OsMADS13, Os01g0220100/OsCEL9A",,results_text,The cluster 10 markers (Os12g0207000/OsMADS13 and Os01g0220100/OsCEL9A) were expressed in the entire ovule.,high,2026-06-30T11:59:19
3,Single-nucleus sequencing deciphers developmental trajectori,10.1016/j.devcel.2023.03.004,,rice,flower,carpel-originated cells,心皮来源细胞,,,figure_legend,"Clusters (except for clusters 11–13) of partitions 1 and 2 are assigned as carpel- and ovule-originated cells, respectively.",high,2026-06-30T11:59:19
3,Single-nucleus sequencing deciphers developmental trajectori,10.1016/j.devcel.2023.03.004,,rice,flower,ovule-originated cells,胚珠来源细胞,,,figure_legend,"Clusters (except for clusters 11–13) of partitions 1 and 2 are assigned as carpel- and ovule-originated cells, respectively.",high,2026-06-30T11:59:19
287,Transcriptional landscape of rice roots at the single-cell r,10.1016/j.molp.2020.12.014,,rice,root,epidermis,表皮,LOC_Os06g38960,,results_text,"LOC_Os06g38960 was specifically expressed in cells of the epidermis, LOC_Os03g25280 in the epidermis near root hair, LOC_Os04g46810 in cortex cells, LOC_Os01g73700 in the root cap, LOC_Os08g03450 in t",high,2026-06-30T12:02:29
287,Transcriptional landscape of rice roots at the single-cell r,10.1016/j.molp.2020.12.014,,rice,root,epidermis near root hair,靠近根毛的表皮,LOC_Os03g25280,,results_text,"LOC_Os06g38960 was specifically expressed in cells of the epidermis, LOC_Os03g25280 in the epidermis near root hair, LOC_Os04g46810 in cortex cells, LOC_Os01g73700 in the root cap, LOC_Os08g03450 in t",high,2026-06-30T12:02:29
287,Transcriptional landscape of rice roots at the single-cell r,10.1016/j.molp.2020.12.014,,rice,root,cortex,皮层,LOC_Os04g46810,,results_text,"LOC_Os06g38960 was specifically expressed in cells of the epidermis, LOC_Os03g25280 in the epidermis near root hair, LOC_Os04g46810 in cortex cells, LOC_Os01g73700 in the root cap, LOC_Os08g03450 in t",high,2026-06-30T12:02:29
287,Transcriptional landscape of rice roots at the single-cell r,10.1016/j.molp.2020.12.014,,rice,root,root cap,根冠,LOC_Os01g73700,,results_text,"LOC_Os06g38960 was specifically expressed in cells of the epidermis, LOC_Os03g25280 in the epidermis near root hair, LOC_Os04g46810 in cortex cells, LOC_Os01g73700 in the root cap, LOC_Os08g03450 in t",high,2026-06-30T12:02:29
287,Transcriptional landscape of rice roots at the single-cell r,10.1016/j.molp.2020.12.014,,rice,root,endodermis,内皮层,LOC_Os08g03450,,results_text,"LOC_Os06g38960 was specifically expressed in cells of the epidermis, LOC_Os03g25280 in the epidermis near root hair, LOC_Os04g46810 in cortex cells, LOC_Os01g73700 in the root cap, LOC_Os08g03450 in t",high,2026-06-30T12:02:29
287,Transcriptional landscape of rice roots at the single-cell r,10.1016/j.molp.2020.12.014,,rice,root,stele,中柱,LOC_Os03g37490,,results_text,"LOC_Os06g38960 was specifically expressed in cells of the epidermis, LOC_Os03g25280 in the epidermis near root hair, LOC_Os04g46810 in cortex cells, LOC_Os01g73700 in the root cap, LOC_Os08g03450 in t",high,2026-06-30T12:02:29
287,Transcriptional landscape of rice roots at the single-cell r,10.1016/j.molp.2020.12.014,,rice,root,metaxylem,后生木质部,LOC_Os01g73980,,results_text,"LOC_Os06g38960 was specifically expressed in cells of the epidermis, LOC_Os03g25280 in the epidermis near root hair, LOC_Os04g46810 in cortex cells, LOC_Os01g73700 in the root cap, LOC_Os08g03450 in t",high,2026-06-30T12:02:29
287,Transcriptional landscape of rice roots at the single-cell r,10.1016/j.molp.2020.12.014,,rice,root,root hair,根毛,,,results_text,"Together with previously known markers for root hair (Kim et al., 2007; Ding et al., 2009), our novel marker genes allowed us to annotate all clusters containing the major cell types of the root tip i",high,2026-06-30T12:02:29
287,Transcriptional landscape of rice roots at the single-cell r,10.1016/j.molp.2020.12.014,,rice,root,stem cells,干细胞,,,results_text,"This strategy allowed us to identify several genes specifically expressed in stem cells (Supplemental Figure 4A); however, these genes were only represented in very few cells in the scRNA-seq data",low,2026-06-30T12:02:29
288,Single-cell transcriptome atlas and chromatin accessibility ,10.1038/s41467-021-22352-4,,rice,root,epidermis,表皮,,,results_text,"we read raw data slot of the Seurat object (clusters 1, 4, and 9 for epidermis; clusters 0, 3, 6, and 11 for ground tissues) into Palantir",high,2026-06-30T12:05:25
288,Single-cell transcriptome atlas and chromatin accessibility ,10.1038/s41467-021-22352-4,,rice,root,ground tissues,基础组织,,,results_text,"we read raw data slot of the Seurat object (clusters 1, 4, and 9 for epidermis; clusters 0, 3, 6, and 11 for ground tissues) into Palantir",high,2026-06-30T12:05:25
9,The regulatory landscape of arabidopsis thaliana roots at si,10.1038/s41467-021-23675-y,,Arabidopsis,root,epidermis,表皮,,,results_text,"However, all other cell clusters were manually annotated and corresponded to the major cell layers of the root (Supplementary Fig. 2A): outer layers including epidermis cortex, and a precursor of endo",high,2026-06-30T12:10:12
9,The regulatory landscape of arabidopsis thaliana roots at si,10.1038/s41467-021-23675-y,,Arabidopsis,root,cortex,皮层,,,results_text,"However, all other cell clusters were manually annotated and corresponded to the major cell layers of the root (Supplementary Fig. 2A): outer layers including epidermis cortex, and a precursor of endo",high,2026-06-30T12:10:12
9,The regulatory landscape of arabidopsis thaliana roots at si,10.1038/s41467-021-23675-y,,Arabidopsis,root,c/e pre,皮层/内皮层前体,,,figure_legend,"A cluster residing between the epidermis and endodermis clusters, with expression of markers from both cell types (Supplementary Fig. 2B, C) was given the label ""c/e pre"" (precursor of cortex/endoderm",high,2026-06-30T12:10:12
9,The regulatory landscape of arabidopsis thaliana roots at si,10.1038/s41467-021-23675-y,,Arabidopsis,root,endo 1,内皮层1,,,results_text,"However, all other cell clusters were manually annotated and corresponded to the major cell layers of the root (Supplementary Fig. 2A): outer layers including epidermis cortex, and a precursor of endo",high,2026-06-30T12:10:12
9,The regulatory landscape of arabidopsis thaliana roots at si,10.1038/s41467-021-23675-y,,Arabidopsis,root,endo 2,内皮层2,,,results_text,"However, all other cell clusters were manually annotated and corresponded to the major cell layers of the root (Supplementary Fig. 2A): outer layers including epidermis cortex, and a precursor of endo",high,2026-06-30T12:10:12
9,The regulatory landscape of arabidopsis thaliana roots at si,10.1038/s41467-021-23675-y,,Arabidopsis,root,endo 3,内皮层3,,,results_text,"However, all other cell clusters were manually annotated and corresponded to the major cell layers of the root (Supplementary Fig. 2A): outer layers including epidermis cortex, and a precursor of endo",high,2026-06-30T12:10:12
9,The regulatory landscape of arabidopsis thaliana roots at si,10.1038/s41467-021-23675-y,,Arabidopsis,root,endodermis,内皮层,"AT3G32980,AT1G61590,AT1G14580,AT3G22600,AT5G66390",,results_text,"Endodermis cells were an exception, as several of their scATAC marker genes (AT3G32980, AT1G61590, AT1G14580, AT3G22600, and AT5G66390) were also found to be marker genes in single-cell RNA-seq studie",high,2026-06-30T12:10:12
9,The regulatory landscape of arabidopsis thaliana roots at si,10.1038/s41467-021-23675-y,,Arabidopsis,root,stele 1 (xylem),中柱1(木质部),,,figure_legend,"However, all other cell clusters were manually annotated and corresponded to the major cell layers of the root (Supplementary Fig. 2A): outer layers including epidermis cortex, and a precursor of endo",high,2026-06-30T12:10:12
9,The regulatory landscape of arabidopsis thaliana roots at si,10.1038/s41467-021-23675-y,,Arabidopsis,root,stele (phloem),中柱(韧皮部),,,results_text,"However, all other cell clusters were manually annotated and corresponded to the major cell layers of the root (Supplementary Fig. 2A): outer layers including epidermis cortex, and a precursor of endo",high,2026-06-30T12:10:12
9,The regulatory landscape of arabidopsis thaliana roots at si,10.1038/s41467-021-23675-y,,Arabidopsis,root,stele 2 (peri),中柱2(中柱鞘),,,figure_legend,"However, all other cell clusters were manually annotated and corresponded to the major cell layers of the root (Supplementary Fig. 2A): outer layers including epidermis cortex, and a precursor of endo",high,2026-06-30T12:10:12
9,The regulatory landscape of arabidopsis thaliana roots at si,10.1038/s41467-021-23675-y,,Arabidopsis,root,hair,根毛,,,results_text,"The transferred labels matched our manual annotations, and, in the case of epidermal cells, allowed us to separate a single scATAC cluster into hair and non-hair cells (Fig. 2a and Supplementary Fig. ",high,2026-06-30T12:10:12
9,The regulatory landscape of arabidopsis thaliana roots at si,10.1038/s41467-021-23675-y,,Arabidopsis,root,non-hair,非根毛,,,results_text,"The transferred labels matched our manual annotations, and, in the case of epidermal cells, allowed us to separate a single scATAC cluster into hair and non-hair cells (Fig. 2a and Supplementary Fig. ",high,2026-06-30T12:10:12
291,Spatiotemporal developmental trajectories in the arabidopsis,10.1016/j.devcel.2019.02.022,,Arabidopsis,root,cortex,皮层,AT1G26510,,results_text,"Clusters 9 and 13 comprise cortex and endodermal cells, respectively (Figures 1B and S1G; Table S2).",high,2026-06-30T12:20:29
291,Spatiotemporal developmental trajectories in the arabidopsis,10.1016/j.devcel.2019.02.022,,Arabidopsis,root,endodermal cells,内皮层细胞,"SCR,SHR",,results_text,"Clusters 9 and 13 comprise cortex and endodermal cells, respectively (Figures 1B and S1G; Table S2).",high,2026-06-30T12:20:29
291,Spatiotemporal developmental trajectories in the arabidopsis,10.1016/j.devcel.2019.02.022,,Arabidopsis,root,trichoblast,根毛细胞,COBL9,,results_text,"Clusters 10 and 3 comprise trichoblast and atrichoblast cells, respectively (Figures 1B and S1G; Table S2).",high,2026-06-30T12:20:29
291,Spatiotemporal developmental trajectories in the arabidopsis,10.1016/j.devcel.2019.02.022,,Arabidopsis,root,atrichoblast,非根毛细胞,"GL2,MLP34",,results_text,"Clusters 10 and 3 comprise trichoblast and atrichoblast cells, respectively (Figures 1B and S1G; Table S2).",high,2026-06-30T12:20:29
291,Spatiotemporal developmental trajectories in the arabidopsis,10.1016/j.devcel.2019.02.022,,Arabidopsis,root,stele,中柱,,,results_text,Cluster 4 comprises stele cells while a neighboring cluster (12) comprises maturing xylem cells (Figures 1B and S1G; Table S2).,high,2026-06-30T12:20:29
291,Spatiotemporal developmental trajectories in the arabidopsis,10.1016/j.devcel.2019.02.022,,Arabidopsis,root,maturing xylem cells,成熟木质部细胞,,,results_text,Cluster 4 comprises stele cells while a neighboring cluster (12) comprises maturing xylem cells (Figures 1B and S1G; Table S2).,high,2026-06-30T12:20:29
291,Spatiotemporal developmental trajectories in the arabidopsis,10.1016/j.devcel.2019.02.022,,Arabidopsis,root,phloem,韧皮部,"APL,PME32",,results_text,"Particularly, phloem and pericycle cells are separated into two discrete subclusters (Figure S4).",high,2026-06-30T12:20:29
291,Spatiotemporal developmental trajectories in the arabidopsis,10.1016/j.devcel.2019.02.022,,Arabidopsis,root,pericycle,中柱鞘,"LBD29,TIP2-3,ATL75",,results_text,"Particularly, phloem and pericycle cells are separated into two discrete subclusters (Figure S4).",high,2026-06-30T12:20:29
291,Spatiotemporal developmental trajectories in the arabidopsis,10.1016/j.devcel.2019.02.022,,Arabidopsis,root,columella,根冠,"COBL2,NCED2,ATL63",,results_text,"Subcluster 11.2 contains columella cells that express marker genes such as COBL2, NCED2, and ATL63 (Figure 2E).",high,2026-06-30T12:20:29
291,Spatiotemporal developmental trajectories in the arabidopsis,10.1016/j.devcel.2019.02.022,,Arabidopsis,root,QC cells,静止中心细胞,"AGL42,BBM,TEL1,WOX5",,results_text,"Finally, cluster 11 comprises both columella and QC cells (Figures 1B and S1G; Table S2), which can be separated into two subclusters.",high,2026-06-30T12:20:29
291,Spatiotemporal developmental trajectories in the arabidopsis,10.1016/j.devcel.2019.02.022,,Arabidopsis,root,lateral root cap cells,侧根冠细胞,MLP34,,results_text,"with the exception of lateral root cap cells (for which limited marker data are available), all known major tissue types in the root were captured",high,2026-06-30T12:20:29
291,Spatiotemporal developmental trajectories in the arabidopsis,10.1016/j.devcel.2019.02.022,,Arabidopsis,root,meristematic cells,分生组织细胞,"KNOLLE,ENODL14,ENODL15",,results_text,"cells in the ﬁnal four clusters (2, 6, 7, and 8) show markedly meristematic-based expression proﬁles (Figure S5B).",high,2026-06-30T12:20:29
291,Spatiotemporal developmental trajectories in the arabidopsis,10.1016/j.devcel.2019.02.022,,Arabidopsis,root,differentiating trichoblasts,分化中的根毛细胞,MES15,,figure_legend,"promoter fusions for the following genes reveal the predicted cell-type speciﬁcities: (C) MES15, differentiating trichoblasts",high,2026-06-30T12:20:29
291,Spatiotemporal developmental trajectories in the arabidopsis,10.1016/j.devcel.2019.02.022,,Arabidopsis,root,meristematic cortex,分生组织皮层,"AT3G22120,AT1G62500",,results_text,"the meristematic cortex and endodermis marker, AT3G22120, is mainly expressed in cells of subcluster 2.2 positioned near these mature cell types",high,2026-06-30T12:20:29
291,Spatiotemporal developmental trajectories in the arabidopsis,10.1016/j.devcel.2019.02.022,,Arabidopsis,root,meristematic endodermis,分生组织内皮层,AT3G22120,,results_text,"the meristematic cortex and endodermis marker, AT3G22120, is mainly expressed in cells of subcluster 2.2 positioned near these mature cell types",high,2026-06-30T12:20:29
291,Spatiotemporal developmental trajectories in the arabidopsis,10.1016/j.devcel.2019.02.022,,Arabidopsis,root,meristematic vasculature,分生组织维管,PIP2-8,,results_text,"the meristematic vasculature marker, PIP2-8, is primarily expressed in cells of subcluster 2.3, positioned adjacent to the vasculature cluster",high,2026-06-30T12:20:29
15,Single-cell omics in plant biology: Mechanistic insights and,10.1007/s44307-025-00074-8,,Arabidopsis,root,root cap cells,根冠细胞,,,results_text,the study by Xu et al. (2024) revealed the transcriptional regulation of the FER-PIF3 pathway in mediating the mechanosensory response of root cap cells,high,2026-06-30T12:53:19
15,Single-cell omics in plant biology: Mechanistic insights and,10.1007/s44307-025-00074-8,,Arabidopsis,leaf,mesophyll,叶肉细胞,,,results_text,"the Arabidopsis shoot apex comprises at least 23 transcriptionally distinct clusters classified into seven major cell groups, including mesophyll, guard, shoot meristem, companion, epidermal, cortical",high,2026-06-30T12:53:19
15,Single-cell omics in plant biology: Mechanistic insights and,10.1007/s44307-025-00074-8,,Arabidopsis,leaf,guard,保卫细胞,,,results_text,"the Arabidopsis shoot apex comprises at least 23 transcriptionally distinct clusters classified into seven major cell groups, including mesophyll, guard, shoot meristem, companion, epidermal, cortical",high,2026-06-30T12:53:19
15,Single-cell omics in plant biology: Mechanistic insights and,10.1007/s44307-025-00074-8,,Arabidopsis,meristem,shoot meristem,茎顶端分生组织,,,results_text,"the Arabidopsis shoot apex comprises at least 23 transcriptionally distinct clusters classified into seven major cell groups, including mesophyll, guard, shoot meristem, companion, epidermal, cortical",high,2026-06-30T12:53:19
15,Single-cell omics in plant biology: Mechanistic insights and,10.1007/s44307-025-00074-8,,Arabidopsis,other,companion,伴胞,,,results_text,"the Arabidopsis shoot apex comprises at least 23 transcriptionally distinct clusters classified into seven major cell groups, including mesophyll, guard, shoot meristem, companion, epidermal, cortical",high,2026-06-30T12:53:19
15,Single-cell omics in plant biology: Mechanistic insights and,10.1007/s44307-025-00074-8,,Arabidopsis,leaf,epidermal,表皮细胞,,,results_text,"the Arabidopsis shoot apex comprises at least 23 transcriptionally distinct clusters classified into seven major cell groups, including mesophyll, guard, shoot meristem, companion, epidermal, cortical",high,2026-06-30T12:53:19
15,Single-cell omics in plant biology: Mechanistic insights and,10.1007/s44307-025-00074-8,,Arabidopsis,root,cortical,皮层细胞,,,results_text,"the Arabidopsis shoot apex comprises at least 23 transcriptionally distinct clusters classified into seven major cell groups, including mesophyll, guard, shoot meristem, companion, epidermal, cortical",high,2026-06-30T12:53:19
15,Single-cell omics in plant biology: Mechanistic insights and,10.1007/s44307-025-00074-8,,Arabidopsis,meristem,proliferating,增殖细胞,,,results_text,"the Arabidopsis shoot apex comprises at least 23 transcriptionally distinct clusters classified into seven major cell groups, including mesophyll, guard, shoot meristem, companion, epidermal, cortical",high,2026-06-30T12:53:19
15,Single-cell omics in plant biology: Mechanistic insights and,10.1007/s44307-025-00074-8,,Arabidopsis,other,vascular,维管细胞,,,results_text,"the Arabidopsis shoot apex comprises at least 23 transcriptionally distinct clusters classified into seven major cell groups, including mesophyll, guard, shoot meristem, companion, epidermal, cortical",high,2026-06-30T12:53:19
15,Single-cell omics in plant biology: Mechanistic insights and,10.1007/s44307-025-00074-8,,Arabidopsis,leaf,vascular precursor cells,维管前体细胞,"CDF5,RGA",,results_text,CDF5 and RGA may function as central regulatory hubs orchestrating cell fate specification in vascular precursor cells,high,2026-06-30T12:53:19
15,Single-cell omics in plant biology: Mechanistic insights and,10.1007/s44307-025-00074-8,,Arabidopsis,leaf,meristemoid mother cells,拟分生组织母细胞,,,results_text,delineated transcriptional networks driving the transition from meristemoid mother cells to guard mother cells,high,2026-06-30T12:53:19
15,Single-cell omics in plant biology: Mechanistic insights and,10.1007/s44307-025-00074-8,,Arabidopsis,leaf,guard mother cells,保卫母细胞,,,results_text,delineated transcriptional networks driving the transition from meristemoid mother cells to guard mother cells,high,2026-06-30T12:53:19
15,Single-cell omics in plant biology: Mechanistic insights and,10.1007/s44307-025-00074-8,,Arabidopsis,leaf,pavement,铺板细胞,"bZIP25,bZIP53",,results_text,"bZIP25 and bZIP53, which are highly expressed in pavement and early protodermal cells, playing key roles in epidermal cell differentiation.",high,2026-06-30T12:53:19
15,Single-cell omics in plant biology: Mechanistic insights and,10.1007/s44307-025-00074-8,,Arabidopsis,leaf,early protodermal cells,早期原表皮细胞,"bZIP25,bZIP53",,results_text,"bZIP25 and bZIP53, which are highly expressed in pavement and early protodermal cells, playing key roles in epidermal cell differentiation.",high,2026-06-30T12:53:19
15,Single-cell omics in plant biology: Mechanistic insights and,10.1007/s44307-025-00074-8,,Arabidopsis,leaf,upper epidermal cells,上表皮细胞,,,results_text,uncovered subtle yet significant transcriptional differences between the upper and lower epidermal cells of Arabidopsis leaves,high,2026-06-30T12:53:19
15,Single-cell omics in plant biology: Mechanistic insights and,10.1007/s44307-025-00074-8,,Arabidopsis,leaf,lower epidermal cells,下表皮细胞,,,results_text,uncovered subtle yet significant transcriptional differences between the upper and lower epidermal cells of Arabidopsis leaves,high,2026-06-30T12:53:19
389,Multiome in the same cell reveals the impact of osmotic stre,10.1002/advs.202308384,,Arabidopsis,root,INIT.epidermis,,,,results_text,"By using chromatin accessibility data, we divided initial cells into six “sub-clusters”: INIT.epidermis/cortex/endodermis/stele/root cap (initial cells exhibited more open chromatin regions resembling",high,2026-06-30T12:54:18
389,Multiome in the same cell reveals the impact of osmotic stre,10.1002/advs.202308384,,Arabidopsis,root,INIT.cortex,,,,results_text,"By using chromatin accessibility data, we divided initial cells into six “sub-clusters”: INIT.epidermis/cortex/endodermis/stele/root cap (initial cells exhibited more open chromatin regions resembling",high,2026-06-30T12:54:18
389,Multiome in the same cell reveals the impact of osmotic stre,10.1002/advs.202308384,,Arabidopsis,root,INIT.endodermis,,,,results_text,"By using chromatin accessibility data, we divided initial cells into six “sub-clusters”: INIT.epidermis/cortex/endodermis/stele/root cap (initial cells exhibited more open chromatin regions resembling",high,2026-06-30T12:54:18
389,Multiome in the same cell reveals the impact of osmotic stre,10.1002/advs.202308384,,Arabidopsis,root,INIT.stele,,,,results_text,"By using chromatin accessibility data, we divided initial cells into six “sub-clusters”: INIT.epidermis/cortex/endodermis/stele/root cap (initial cells exhibited more open chromatin regions resembling",high,2026-06-30T12:54:18
389,Multiome in the same cell reveals the impact of osmotic stre,10.1002/advs.202308384,,Arabidopsis,root,INIT.root cap,,,,results_text,"By using chromatin accessibility data, we divided initial cells into six “sub-clusters”: INIT.epidermis/cortex/endodermis/stele/root cap (initial cells exhibited more open chromatin regions resembling",high,2026-06-30T12:54:18
389,Multiome in the same cell reveals the impact of osmotic stre,10.1002/advs.202308384,,Arabidopsis,root,INIT.Pr,,,,results_text,"By using chromatin accessibility data, we divided initial cells into six “sub-clusters”: INIT.epidermis/cortex/endodermis/stele/root cap... and INIT.Pr (initial cells exhibited more open chromatin reg",high,2026-06-30T12:54:18
389,Multiome in the same cell reveals the impact of osmotic stre,10.1002/advs.202308384,,Arabidopsis,root,QC,静止中心,BBM,,figure_legend,"cell types were deﬁned using known markers, QC (quiescent center), XPP (xylem pole pericycle), LRC (lateral root cap).",high,2026-06-30T12:54:18
389,Multiome in the same cell reveals the impact of osmotic stre,10.1002/advs.202308384,,Arabidopsis,root,XPP,木质部极中柱鞘,,,figure_legend,"cell types were deﬁned using known markers, QC (quiescent center), XPP (xylem pole pericycle), LRC (lateral root cap).",high,2026-06-30T12:54:18
389,Multiome in the same cell reveals the impact of osmotic stre,10.1002/advs.202308384,,Arabidopsis,root,LRC,侧根冠,,,figure_legend,"cell types were deﬁned using known markers, QC (quiescent center), XPP (xylem pole pericycle), LRC (lateral root cap).",high,2026-06-30T12:54:18
389,Multiome in the same cell reveals the impact of osmotic stre,10.1002/advs.202308384,,Arabidopsis,root,columella,根冠柱,,,results_text,"In control samples, INIT.root cap had a higher correlation with columella than LRC, in contrast to the results of stress.",high,2026-06-30T12:54:18
389,Multiome in the same cell reveals the impact of osmotic stre,10.1002/advs.202308384,,Arabidopsis,root,trichoblast,根毛细胞,,,results_text,"INIT.epidermis(control) had the highest correlation with trichoblast, while INIT.epidermis (stress) had the highest correlation with epidermis",high,2026-06-30T12:54:18
389,Multiome in the same cell reveals the impact of osmotic stre,10.1002/advs.202308384,,Arabidopsis,root,epidermis,表皮,,,results_text,"INIT.epidermis(stress) had the highest correlation with epidermis, indicating that most of INIT.epidermis(control) might develop into trichoblast in the future",high,2026-06-30T12:54:18
389,Multiome in the same cell reveals the impact of osmotic stre,10.1002/advs.202308384,,Arabidopsis,root,atrichoblast,非根毛细胞,,,results_text,"We employ CytoTRACE to track developmental trajectories in QC stem cells, initial cells, epidermal cells, atrichoblast, and trichoblast.",high,2026-06-30T12:54:18
389,Multiome in the same cell reveals the impact of osmotic stre,10.1002/advs.202308384,,Arabidopsis,root,xylem,木质部,XCP2,,figure_legend,Chromatin accessibility of known markers XCP2 (xylem) and BBM (QC) in RNA and ATAC annotation.,high,2026-06-30T12:54:18
394,Comparative spatial transcriptomics reveals root dryland ada,10.1016/j.molp.2025.04.001,,rice,root,CR primordia,冠根原基,"RFA3, GRP3, 3bglu7, CPT1, RCc3",,results_text,"the ﬁve CR marker genes (RFA3, GRP3, 3bglu7, CPT1, and RCc3) were validated to be highly transcribed during the CR formation process",high,2026-06-30T13:02:16
394,Comparative spatial transcriptomics reveals root dryland ada,10.1016/j.molp.2025.04.001,,rice,root,parenchyma_2,薄壁组织_2,"Nramp3, GLN1;2, AMT1:2, bZIP14",,results_text,Parenchyma_2 took up the rest space of the stele (around the vascular bundle) and was marked by manganese transporter Nramp3 and glutamine synthetase GLN1;2,high,2026-06-30T13:02:16
394,Comparative spatial transcriptomics reveals root dryland ada,10.1016/j.molp.2025.04.001,,rice,root,transition_tissue_1,过渡组织_1,,,results_text,"transition_tissue_1 connects CR primordium to the stele, and the transition_tissue_2 cluster ﬂanks CR primordia.",high,2026-06-30T13:02:16
394,Comparative spatial transcriptomics reveals root dryland ada,10.1016/j.molp.2025.04.001,,rice,root,transition_tissue_2,过渡组织_2,,,results_text,the transition_tissue_2 cluster ﬂanks CR primordia.,high,2026-06-30T13:02:16
394,Comparative spatial transcriptomics reveals root dryland ada,10.1016/j.molp.2025.04.001,,rice,root,transition_tissue_3,过渡组织_3,,,results_text,"The transition_tissue_3 only exists in large CR primordia, also ﬂanking transition_tissue 1.",high,2026-06-30T13:02:16
394,Comparative spatial transcriptomics reveals root dryland ada,10.1016/j.molp.2025.04.001,,rice,root,peripheral_primordia,外周原基,,,results_text,The peripheral_ primordia cluster is typically situated at the periphery of the CR_primordia cluster,high,2026-06-30T13:02:16
394,Comparative spatial transcriptomics reveals root dryland ada,10.1016/j.molp.2025.04.001,,rice,root,xylem,木质部,"Lsi6, PHO1;2, Sultr3:4, AAP16",,results_text,"the xylem cluster showed a gene signature for inorganic ion transporters including Lsi6, PHO1;2 and Sultr3:4",high,2026-06-30T13:02:16
394,Comparative spatial transcriptomics reveals root dryland ada,10.1016/j.molp.2025.04.001,,rice,root,phloem,韧皮部,"SUT1, PIN5a",,results_text,"The phloem cluster is spatially outside (abaxial to) the xylem cluster, and genes in this cluster are highly enriched with transcripts for sucrose transporters SUT1 and PIN5a",high,2026-06-30T13:02:16
394,Comparative spatial transcriptomics reveals root dryland ada,10.1016/j.molp.2025.04.001,,rice,root,parenchyma_1,薄壁组织_1,"Lsi3, BOR, BOR1, TIP4;3, TIP4;2",,results_text,The parenchyma_1 cluster is located closer to the xylem cluster and marked by Lsi3 and BOR,high,2026-06-30T13:02:16
394,Comparative spatial transcriptomics reveals root dryland ada,10.1016/j.molp.2025.04.001,,rice,root,pericycle_like,类中柱鞘,"PAL1, CESA4, CESA9, CESA7, XOAT11, XOAT6, XOAT13, AGP12, GSTF2",,results_text,Several cell-wall biosynthesis-related genes have a higher transcript level in the pericycle_like cluster,high,2026-06-30T13:02:16
394,Comparative spatial transcriptomics reveals root dryland ada,10.1016/j.molp.2025.04.001,,rice,root,transitional_cortex,过渡皮层,,,results_text,"The transitional_cortex cluster lacked a speciﬁcally expressed marker gene. However, the UMAP embedding graph showed that it possesses a transcriptomic signature intermediate between meristem and cort",high,2026-06-30T13:02:16
394,Comparative spatial transcriptomics reveals root dryland ada,10.1016/j.molp.2025.04.001,,rice,root,meristem_1,分生组织_1,,,results_text,"the four stele clusters (meristem_1, stele_1, stele_2, and stele_3) displayed a uniform vertical arrangement across all samples",high,2026-06-30T13:02:16
394,Comparative spatial transcriptomics reveals root dryland ada,10.1016/j.molp.2025.04.001,,rice,root,stele_1,中柱_1,,,results_text,"the four stele clusters (meristem_1, stele_1, stele_2, and stele_3) displayed a uniform vertical arrangement across all samples",high,2026-06-30T13:02:16
394,Comparative spatial transcriptomics reveals root dryland ada,10.1016/j.molp.2025.04.001,,rice,root,stele_2,中柱_2,,,results_text,"the four stele clusters (meristem_1, stele_1, stele_2, and stele_3) displayed a uniform vertical arrangement across all samples",high,2026-06-30T13:02:16
394,Comparative spatial transcriptomics reveals root dryland ada,10.1016/j.molp.2025.04.001,,rice,root,stele_3,中柱_3,,,results_text,"the four stele clusters (meristem_1, stele_1, stele_2, and stele_3) displayed a uniform vertical arrangement across all samples",high,2026-06-30T13:02:16
394,Comparative spatial transcriptomics reveals root dryland ada,10.1016/j.molp.2025.04.001,,rice,root,epidermis_exodermis_sclerenchyma,表皮_外皮层_厚壁组织,,,results_text,The epidermis_exodermis_sclerenchyma cluster lacks known marker genes and cannot be further divided into these three cell types.,high,2026-06-30T13:02:16
394,Comparative spatial transcriptomics reveals root dryland ada,10.1016/j.molp.2025.04.001,,rice,root,epidermis,表皮,,,results_text,"Considering that only a small number of cells in the epidermis, exodermis, and sclerenchyma can be obtained in longitudinal sections",high,2026-06-30T13:02:16
394,Comparative spatial transcriptomics reveals root dryland ada,10.1016/j.molp.2025.04.001,,rice,root,exodermis,外皮层,,,results_text,"Considering that only a small number of cells in the epidermis, exodermis, and sclerenchyma can be obtained in longitudinal sections",high,2026-06-30T13:02:16
394,Comparative spatial transcriptomics reveals root dryland ada,10.1016/j.molp.2025.04.001,,rice,root,sclerenchyma,厚壁组织,,,results_text,"Considering that only a small number of cells in the epidermis, exodermis, and sclerenchyma can be obtained in longitudinal sections",high,2026-06-30T13:02:16
394,Comparative spatial transcriptomics reveals root dryland ada,10.1016/j.molp.2025.04.001,,rice,root,cortex,皮层,,,results_text,the expression patterns of marker genes speciﬁcally expressed in the cortex and stele in the cross sections are consistent with those in the longitudinal sections,high,2026-06-30T13:02:16
394,Comparative spatial transcriptomics reveals root dryland ada,10.1016/j.molp.2025.04.001,,rice,root,meristem,分生组织,,,results_text,it possesses a transcriptomic signature intermediate between meristem and cortex.,high,2026-06-30T13:02:16
398,A single-cell and spatial wheat root atlas with cross-specie,10.1016/j.celrep.2025.115240,,Arabidopsis,root,pericycle,中柱鞘,,,results_text,pericycle and phloem cluster annotations are missing from the rice dataset32 either because those types of cells were not experimentally captured or because cluster identities were simply not resolved,high,2026-06-30T13:02:13
398,A single-cell and spatial wheat root atlas with cross-specie,10.1016/j.celrep.2025.115240,,Arabidopsis,root,phloem,韧皮部,,,results_text,pericycle and phloem cluster annotations are missing from the rice dataset32 either because those types of cells were not experimentally captured or because cluster identities were simply not resolved,high,2026-06-30T13:02:13
387,Single-cell transcriptomics reveal how root tissues adapt to,10.1038/s41586-025-08941-z,,rice,root,epidermal cells,表皮细胞,,,figure_legend,"The number of captured epidermal cells (Atrichoblast and Trichoblast, cluster 39 and cluster 55) was significantly low under non-compacted soil conditions.",high,2026-06-30T13:03:05
387,Single-cell transcriptomics reveal how root tissues adapt to,10.1038/s41586-025-08941-z,,rice,root,Atrichoblast,非根毛细胞,,,figure_legend,"The number of captured epidermal cells (Atrichoblast and Trichoblast, cluster 39 and cluster 55) was significantly low under non-compacted soil conditions.",high,2026-06-30T13:03:05
387,Single-cell transcriptomics reveal how root tissues adapt to,10.1038/s41586-025-08941-z,,rice,root,Trichoblast,根毛细胞,,,figure_legend,"Low correlation was detected for the trichoblast cells, possibly due to the limited number of annotated root hair cells.",high,2026-06-30T13:03:05
387,Single-cell transcriptomics reveal how root tissues adapt to,10.1038/s41586-025-08941-z,,rice,root,exodermis,外皮层,,,figure_legend,There is a notable increase of exodermis and sclerenchyma cell number in non-compacted-soils samples compared to that in gel conditions.,high,2026-06-30T13:03:05
387,Single-cell transcriptomics reveal how root tissues adapt to,10.1038/s41586-025-08941-z,,rice,root,sclerenchyma,厚壁组织,,,figure_legend,There is a notable increase of exodermis and sclerenchyma cell number in non-compacted-soils samples compared to that in gel conditions.,high,2026-06-30T13:03:05
387,Single-cell transcriptomics reveal how root tissues adapt to,10.1038/s41586-025-08941-z,,rice,root,mature root cells,成熟根细胞,,,figure_legend,"Due to the absence of markers for mature root cells, we provisionally annotated the large group of cells as ""mature root cells"".",high,2026-06-30T13:03:05
387,Single-cell transcriptomics reveal how root tissues adapt to,10.1038/s41586-025-08941-z,,rice,root,phloem cells,韧皮部细胞,,,results_text,"Soil compaction triggers expression changes in cell wall remodelling and barrier formation in outer and inner root tissues, regulated by abscisic acid released from phloem cells.",high,2026-06-30T13:03:05
387,Single-cell transcriptomics reveal how root tissues adapt to,10.1038/s41586-025-08941-z,,rice,root,root hair cells,根毛细胞,,,figure_legend,"Low correlation was detected for the trichoblast cells, possibly due to the limited number of annotated root hair cells.",high,2026-06-30T13:03:05
